{
	"calibrations": [
		{"ID":"1","name":"Temperature","a":"0.0009765625","b":"0"},
		{"ID":"2","name":"Voltage","a":"0","b":"0"}
	],

  "types": [
    {
      "id": "0",
      "name": "TRXVU",
      "desc": "All TRXVU function calls",
      "subtypes": [
        {
          "id": "1",
          "name": "Beacon",
          "inParams": [
            {
              "name": "vbat",
              "desc": "battery voltage",
              "type": "short"
            },
            {
              "name": "volt_5v",
              "desc": "5v bus voltage",
              "type": "short"
            },
            {
              "name": "volt_3v3",
              "desc": "3v3 bus voltage",
              "type": "short"
            },
            {
              "name": "charging_power",
              "desc": "the current charging power",
              "type": "short"
            },
            {
              "name": "consumed_power",
              "desc": "the satellite consumed power",
              "type": "short"
            },
            {
              "name": "electric_current",
              "desc": "the battery's up-to-date electric current",
              "type": "short"
            },
            {
              "name": "current_3v3",
              "desc": "3.3 volt bus up-to-date battery",
              "type": "short"
            },
            {
              "name": "current_5v",
              "desc": "5 volt bus up-to-date battery",
              "type": "short"
            },
            {
              "name": "MCU Temperature",
              "desc": "",
              "type": "short"
            },
            {
              "name": "Battery Temperature",
              "desc": "",
              "type": "short"
            },
           {
              "name": "Solar panel 1 Temperature",
              "desc": "",
              "type": "int",
			  "calibration":"1"
            },
            {
              "name": "Solar panel 2 Temperature",
              "desc": "",
              "type": "int",
			  "calibration":"1"
            },
            {
              "name": "Solar panel 3 Temperature",
              "desc": "",
              "type": "int",
			  "calibration":"1"
            },
            {
              "name": "Solar panel 4 Temperature",
              "desc": "",
              "type": "int",
			  "calibration":"1"
            },
            {
              "name": "Solar panel 5 Temperature",
              "desc": "",
              "type": "int",
			  "calibration":"1"
            },
            {
              "name": "Solar panel 6 Temperature",
              "desc": "",
              "type": "int",
			  "calibration":"1"
            },
             {
              "name": "sat_time",
              "desc": "satellite's clock current unix time",
              "type": "datetime"
            },
            {
              "name": "free_memory",
              "desc": "the satellite's Sd's free bytes",
              "type": "int"
            },
            {
              "name": "corrupt_bytes",
              "desc": "the memory's corrupted bytes",
              "type": "int"
            },
            {
              "name": "number_of_resets",
              "desc": "number of resets the satellite has gone through",
              "type": "int"
            },
            {
              "name": "sat_uptime",
              "desc": "satellite's up time in seconds",
              "type": "int"
            },
            {
              "name": "ADC channel 0 (mV)",
              "desc": "na",
              "type": "int"
            },
            {
              "name": "ADC channel 1 (mV)",
              "desc": "na",
              "type": "int"
            },
            {
              "name": "ADC channel 2 (mV)",
              "desc": "na",
              "type": "int"
            },
            {
              "name": "ADC channel 3 (mV)",
              "desc": "na",
              "type": "int"
            },
            {
              "name": "ADC channel 4 (mV)",
              "desc": "na",
              "type": "int"
            },			
            {
              "name": "number_of_cmd_resets",
              "desc": "number of resets the satellite has gone through",
              "type": "int"
            }
          ]
        },
        {
          "id": "35",
          "name": "get beacon interval",
          "desc": "get the beacon interval time in seconds",
          "inParams": [
            {
              "name": "seconds",
              "desc": "number of seconds for beacon interval ",
              "type": "int"
            }
          ]
        },
        {
          "id": "36",
          "name": "Set beacon interval",
          "desc": "set the beacon interval time in seconds",
          "inParams": [
            {
              "name": "seconds",
              "desc": "number of seconds for beacon interval ",
              "type": "int"
            }
          ]
        },		
        {
          "id": "19",
          "name": "get baud rate",
          "desc": "get the bitrate of the trxvu",
          "inParams": [
            {
              "name": "bitrate",
              "desc": "the bitrate we want to get (1200 - 00 | 2400 - 01 | 4800 - 02 | 9600 - 03)",
              "type": "int"
            }
          ]
        },
        {
          "id": "102",
          "name": "Get TX uptime",
          "desc": "get how much time the satellite is on",
          "inParams": [
            {
              "name": "uptime",
              "desc": "how much time the satellite is on",
              "type": "int"
            }
          ]
        },
        {
          "id": "104",
          "name": "Get RX uptime",
          "desc": "get how much time the satellite is on?",
          "inParams": [
            {
              "name": "uptime",
              "desc": "how much time the satellite is on",
              "type": "int"
            }
          ]
        },
        {
          "id": "167",
          "name": "Get num of online commands",
          "desc": "get how much commands do the satellite needs to do now",
          "inParams": [
            {
              "name": "num of online cmd",
              "desc": "how much online cmds the satellite needs to do",
              "type": "short int?"
            }
          ]
        },
        {
          "id": "178",
          "name": "ANT get arm status",
          "desc": "get the status of one side in the antenna",
          "inParams": [
            {
              "name": "status",
              "desc": "what is the status (disarm = 172 | arm = 173)",
              "type": "char"
            }
          ]
        },
        {
          "id": "179",
          "name": "ANT get UPTIME",
          "desc": "get the UPTIME of one side in the antenna",
          "inParams": [
            {
              "name": "uptime",
              "desc": "how much time the antenna is on",
              "type": "int"
            }
          ]
        }
      ]
    },
    {
      "id": "5",
      "name": "ACK",
      "desc": "All ACKNOWLEDGE function calls",
      "subtypes": [
        {
          "id": "0",
          "name": "ACK_RECEIVE_COMM",
          "desc": "when receive any packet",
          "inParams": []
        },
        {
          "id": "1",
          "name": "ACK_COMD_EXEC",
          "desc": "when executed any packet / SPL command",
          "inParams": []
        },
        {
          "id": "127",
          "name": "ACK_RESET_WAKEUP",
          "desc": "after waking up from reset",
          "inParams": []
        },
        {
          "id": "112",
          "name": "ACK_FS_RESET",
          "desc": "before going to filesystem reset",
          "inParams": []
        },
        {
          "id": "113",
          "name": "ACK_TRXVU_SOFT_RESET",
          "desc": "before going to trxvu reset",
          "inParams": []
        },
        {
          "id": "114",
          "name": "ACK_TRXVU_HARD_RESET",
          "desc": "before going to trxvu reset",
          "inParams": []
        },
        {
          "id": "115",
          "name": "ACK_ANTS_RESET",
          "desc": "before reseting antennas",
          "inParams": []
        },
        {
          "id": "128",
          "name": "ACK_EPS_RESET",
          "desc": "before going to eps reset",
          "inParams": []
        },
        {
          "id": "129",
          "name": "ACK_SOFT_RESET",
          "desc": "before going to reset",
          "inParams": []
        },
        {
          "id": "130",
          "name": "ACK_HARD_RESET",
          "desc": "before starting hardware reset",
          "inParams": []
        },
        {
          "id": "131",
          "name": "ACK_MEMORY_DELETE",
          "desc": "when memory delete is completed success",
          "inParams": []
        },
        {
          "id": "18",
          "name": "ACK_UPDATE_TIME",
          "desc": "after updating time",
          "inParams": []
        },
        {
          "id": "19",
          "name": "ACK_UPDATE_BEACON_BIT_RATE",
          "desc": "after updating beacon bitrate",
          "inParams": []
        },
        {
          "id": "20",
          "name": "ACK_UPDATE_BEACON_TIME_DELAY",
          "desc": "**********",
          "inParams": []
        },
        {
          "id": "21",
          "name": "ACK_UPDATE_EPS_VOLTAGES",
          "desc": "*********",
          "inParams": []
        },
        {
          "id": "22",
          "name": "ACK_UPDATE_EPS_HEATER_VALUES",
          "desc": "*****************",
          "inParams": []
        },
        {
          "id": "23",
          "name": "ACK_UPDATE_EPS_ALPHA",
          "desc": "************",
          "inParams": []
        },
        {
          "id": "141",
          "name": "ACK_MUTE",
          "desc": "before trxvu is getting muted",
          "inParams": []
        },
        {
          "id": "142",
          "name": "ACK_UNMUTE",
          "desc": "after trxvu got unmuted",
          "inParams": []
        },
        {
          "id": "143",
          "name": "ACK_ALLOW_TRANSPONDER",
          "desc": "*************",
          "inParams": []
        },
        {
          "id": "144",
          "name": "ACK_DUMP_START",
          "desc": "when starting a dump",
          "inParams": []
        },
        {
          "id": "145",
          "name": "ACK_DUMP_ABORT",
          "desc": "when a dump has stopped",
          "inParams": []
        },
        {
          "id": "146",
          "name": "ACK_DUMP_FINISHED",
          "desc": "when a dump has finished",
          "inParams": [
            {
              "name": "number of elements",
              "desc": "the number of dump elements that were sent over RF",
              "type": "int"
            }
          ]
        },
        {
          "id": "147",
          "name": "ACK_GENERIC_I2C_CMD",
          "desc": "*********",
          "inParams": []
        },
        {
          "id": "148",
          "name": "ACK_ARM_DISARM",
          "desc": "after changing arm state of the ants",
          "inParams": []
        },
        {
          "id": "149",
          "name": "ACK_REDEPLOY",
          "desc": "*****",
          "inParams": []
        },
        {
          "id": "158",
          "name": "ACK_RESET_DELAYED_CMD",
          "desc": "dont need it???",
          "inParams": []
        },
        {
          "id": "160",
          "name": "ACK_FRAM_RESET",
          "desc": " before going to FRAM reset",
          "inParams": []
        },
        {
          "id": "170",
          "name": "ACK_PING",
          "desc": "*****",
          "inParams": []
        },
        {
          "id": "192",
          "name": "ACK_DELETE_TLM",
          "desc": "after deleting TLM file(s)",
          "inParams": [
            {
              "name": "deleted files",
              "desc": "how many TLM files were actually deleted from SD",
              "type": "int"
            }
          ]
        },
        {
          "id": "187",
          "name": "ACK_UNKNOWN_SUBTYPE",
          "desc": "when the given subtype is unknown",
          "inParams": []
        },
        {
          "id": "255",
          "name": "ACK_ERROR_MSG",
          "desc": "when error has occurred",
          "inParams": [
           {
              "name": "error number",
              "desc": "TODO",
              "type": "int"
            }
		  
		  ]
        }
      ]
    },
    {
      "id": "6",
      "name": "DUMP",
      "desc": "All DUMP Types",
      "subtypes": [
        {
          "id": "0",
          "name": "tlm_eps",
          "desc": "EPS data",
          "inParams": [
            {
              "name": "timestamp",
              "desc": "TODO",
              "type": "datetime"
            },
            {
              "name": "reply_header-stid",
              "desc": "TODO",
              "type": "char"
            },
            {
              "name": "reply_header-ivid",
              "desc": "TODO",
              "type": "char"
            },
            {
              "name": "reply_header-rc",
              "desc": "TODO",
              "type": "char"
            },
            {
              "name": "reply_header-bid",
              "desc": "TODO",
              "type": "char"
            },
            {
              "name": "reply_header-cmderr+stat",
              "desc": "TODO",
              "type": "char"
            },
            {
              "name": "reserved",
              "desc": "reserved",
              "type": "char"
            },
            {
              "name": "volt_brdsup",
              "desc": "volt_brdsup",
              "type": "short"
            },
            {
              "name": "temp",
              "desc": "temp",
              "type": "short"
            },
            {
              "name": "dist_input-volt",
              "desc": "volt_brdsup",
              "type": "short"
            },
            {
              "name": "dist_input-current",
              "desc": "temp",
              "type": "short"
            },
            {
              "name": "dist_input-power",
              "desc": "volt_brdsup",
              "type": "short"
            },
            {
              "name": "batt_input-volt",
              "desc": "temp",
              "type": "short"
            },
            {
              "name": "batt_input-current",
              "desc": "volt_brdsup",
              "type": "short"
            },
            {
              "name": "batt_input-power",
              "desc": "temp",
              "type": "short"
            },
            {
              "name": "stat_obc_on",
              "desc": "Bitflag field indicating channel-on status for the output bus channels",
              "type": "short"
            },
            {
              "name": "stat_obc_ocf",
              "desc": "Bitflag field indicating overcurrent latch-off fault status for the output bus channels",
              "type": "short"
            },
            {
              "name": "bat_stat",
              "desc": " Bitflag field indicating BP board",
              "type": "short"
            },
            {
              "name": "temp2",
              "desc": " 2 and 4 cell battery pack: Battery pack temperature in between the center battery cells",
              "type": "short"
            },
            {
              "name": "temp3",
              "desc": "2 cell battery pack: not used 4 cell battery pack: Battery pack temperature on the front of the battery pack",
              "type": "short"
            },
            {
              "name": "volt_vd0",
              "desc": "Voltage of voltage domain 0 in raw form",
              "type": "short"
            },
            {
              "name": "volt_vd1",
              "desc": "Voltage of voltage domain 1 in raw form",
              "type": "short"
            },
            {
              "name": "volt_vd2",
              "desc": "Voltage of voltage domain 2 in raw form",
              "type": "short"
            },
            {
              "name": "vip_obc00-volt",
              "desc": "Output V, I and P of output bus channel in raw form",
              "type": "short"
            },
            {
              "name": "vip_obc00-current",
              "desc": "Output V, I and P of output bus channel in raw form",
              "type": "short"
            },
            {
              "name": "vip_obc00-power",
              "desc": "Output V, I and P of output bus channel in raw form",
              "type": "short"
            },
            {
              "name": "vip_obc01-volt",
              "desc": "Output V, I and P of output bus channel in raw form",
              "type": "short"
            },
            {
              "name": "vip_obc01-current",
              "desc": "Output V, I and P of output bus channel in raw form",
              "type": "short"
            },
            {
              "name": "vip_obc01-power",
              "desc": "Output V, I and P of output bus channel in raw form",
              "type": "short"
            },
            {
              "name": "vip_obc02-volt",
              "desc": "Output V, I and P of output bus channel in raw form",
              "type": "short"
            },
            {
              "name": "vip_obc02-current",
              "desc": "Output V, I and P of output bus channel in raw form",
              "type": "short"
            },
            {
              "name": "vip_obc02-power",
              "desc": "Output V, I and P of output bus channel in raw form",
              "type": "short"
            },
            {
              "name": "vip_obc03-volt",
              "desc": "Output V, I and P of output bus channel in raw form",
              "type": "short"
            },
            {
              "name": "vip_obc03-current",
              "desc": "Output V, I and P of output bus channel in raw form",
              "type": "short"
            },
            {
              "name": "vip_obc03-power",
              "desc": "Output V, I and P of output bus channel in raw form",
              "type": "short"
            },
            {
              "name": "vip_obc04-volt",
              "desc": "Output V, I and P of output bus channel in raw form",
              "type": "short"
            },
            {
              "name": "vip_obc04-current",
              "desc": "Output V, I and P of output bus channel in raw form",
              "type": "short"
            },
            {
              "name": "vip_obc04-power",
              "desc": "Output V, I and P of output bus channel in raw form",
              "type": "short"
            },
			
			
			
			
			
			
			
			
			

            {
              "name": "vip_obc05-volt",
              "desc": "Output V, I and P of output bus channel in raw form",
              "type": "short"
            },
            {
              "name": "vip_obc05-current",
              "desc": "Output V, I and P of output bus channel in raw form",
              "type": "short"
            },
            {
              "name": "vip_obc05-power",
              "desc": "Output V, I and P of output bus channel in raw form",
              "type": "short"
            },
            {
              "name": "vip_obc06-volt",
              "desc": "Output V, I and P of output bus channel in raw form",
              "type": "short"
            },
            {
              "name": "vip_obc06-current",
              "desc": "Output V, I and P of output bus channel in raw form",
              "type": "short"
            },
            {
              "name": "vip_obc06-power",
              "desc": "Output V, I and P of output bus channel in raw form",
              "type": "short"
            },
            {
              "name": "vip_obc07-volt",
              "desc": "Output V, I and P of output bus channel in raw form",
              "type": "short"
            },
            {
              "name": "vip_obc07-current",
              "desc": "Output V, I and P of output bus channel in raw form",
              "type": "short"
            },
            {
              "name": "vip_obc07-power",
              "desc": "Output V, I and P of output bus channel in raw form",
              "type": "short"
            },









            {
              "name": "vip_obc08-volt",
              "desc": "Output V, I and P of output bus channel in raw form",
              "type": "short"
            },
            {
              "name": "vip_obc08-current",
              "desc": "Output V, I and P of output bus channel in raw form",
              "type": "short"
            },
            {
              "name": "vip_obc08-power",
              "desc": "Output V, I and P of output bus channel in raw form",
              "type": "short"
            },
            {
              "name": "cc1-volt_in_mppt",
              "desc": "Data on conditioning chain in raw form",
              "type": "short"
            },
            {
              "name": "cc1-curr_in_mppt",
              "desc": "Data on conditioning chain in raw form",
              "type": "short"
            },
            {
              "name": "cc1-volt_out_mppt",
              "desc": "Data on conditioning chain in raw form",
              "type": "short"
            },
            {
              "name": "cc1-curr_out_mppt",
              "desc": "Data on conditioning chain in raw form",
              "type": "short"
            },
            {
              "name": "cc2-volt_in_mppt",
              "desc": "Data on conditioning chain in raw form",
              "type": "short"
            },
			
	



	
			
            {
              "name": "cc2-curr_in_mppt",
              "desc": "Data on conditioning chain in raw form",
              "type": "short"
            },
            {
              "name": "cc2-volt_out_mppt",
              "desc": "Data on conditioning chain in raw form",
              "type": "short"
            },
            {
              "name": "cc2-curr_out_mppt",
              "desc": "Data on conditioning chain in raw form",
              "type": "short"
            },
			
			
			
			
			
			
			
			
			
			
            {
              "name": "cc3-volt_in_mppt",
              "desc": "Data on conditioning chain in raw form",
              "type": "short"
            },
            {
              "name": "cc3-curr_in_mppt",
              "desc": "Data on conditioning chain in raw form",
              "type": "short"
            },
            {
              "name": "cc3-volt_out_mppt",
              "desc": "Data on conditioning chain in raw form",
              "type": "short"
            },
			
			
			
			
			






			
			
			
			
			
			
			
          ]
        },
        {
          "id": "4",
          "name": "WOD",
          "desc": "World orbit data",
          "inParams": [
            {
              "name": "timestamp",
              "desc": "timestamp",
              "type": "datetime"
            },
            {
              "name": "vbat",
              "desc": "battery voltage",
              "type": "short"
            },
            {
              "name": "volt_5v",
              "desc": "5v bus voltage",
              "type": "short"
            },
            {
              "name": "volt_3v3",
              "desc": "3v3 bus voltage",
              "type": "short"
            },
            {
              "name": "charging_power",
              "desc": "the current charging power",
              "type": "short"
            },
            {
              "name": "consumed_power",
              "desc": "the satellite consumed power",
              "type": "short"
            },
            {
              "name": "electric_current",
              "desc": "the battery's up-to-date electric current",
              "type": "short"
            },
            {
              "name": "current_3v3",
              "desc": "3.3 volt bus up-to-date battery",
              "type": "short"
            },
            {
              "name": "current_5v",
              "desc": "5 volt bus up-to-date battery",
              "type": "short"
            },
            {
              "name": "MCU Temperature",
              "desc": "",
              "type": "short"
            },
            {
              "name": "Battery Temperature",
              "desc": "",
              "type": "short"
            },
            {
              "name": "Solar panel 1 Temperature",
              "desc": "",
              "type": "int",
			  "calibration":"1"
            },
            {
              "name": "Solar panel 2 Temperature",
              "desc": "",
              "type": "int",
			  "calibration":"1"
            },
            {
              "name": "Solar panel 3 Temperature",
              "desc": "",
              "type": "int",
			  "calibration":"1"
            },
            {
              "name": "Solar panel 4 Temperature",
              "desc": "",
              "type": "int",
			  "calibration":"1"
            },
            {
              "name": "Solar panel 5 Temperature",
              "desc": "",
              "type": "int",
			  "calibration":"1"
            },
            {
              "name": "Solar panel 6 Temperature",
              "desc": "",
              "type": "int",
			  "calibration":"1"
            },
            {
              "name": "sat_time",
              "desc": "satellite's clock current unix time",
              "type": "datetime"
            },
            {
              "name": "free_memory",
              "desc": "the satellite's Sd's free bytes",
              "type": "int"
            },
            {
              "name": "corrupt_bytes",
              "desc": "the memory's corrupted bytes",
              "type": "int"
            },
            {
              "name": "number_of_resets",
              "desc": "number of resets the satellite has gone through",
              "type": "int"
            },
            {
              "name": "sat_uptime",
              "desc": "satellite's up time in seconds",
              "type": "int"
            },			
            {
              "name": "ADC channel 0 (mV)",
              "desc": "na",
              "type": "int"
            },
            {
              "name": "ADC channel 1 (mV)",
              "desc": "na",
              "type": "int"
            },
            {
              "name": "ADC channel 2 (mV)",
              "desc": "na",
              "type": "int"
            },
            {
              "name": "ADC channel 3 (mV)",
              "desc": "na",
              "type": "int"
            },
            {
              "name": "ADC channel 4 (mV)",
              "desc": "na",
              "type": "int"
            },			
            {
              "name": "number_of_cmd_resets",
              "desc": "number of resets the satellite has gone through",
              "type": "int"
            }
          ]
        },
		
		
		
        {
          "id": "13",
          "name": "LOG",
          "desc": "LOG DATA",
          "inParams": [
            {
              "name": "timestamp",
              "desc": "timestamp",
              "type": "datetime"
            },
            {
              "name": "error number",
              "desc": "error number",
              "type": "int"
            },
            {
              "name": "message",
              "desc": "message",
              "type": "ascii"
            }
          ]
        },
		
        {
          "id": "3",
          "name": "Solar Panels",
          "desc": "Solar Panels TLM DATA",
          "inParams": [
            {
              "name": "timestamp",
              "desc": "timestamp",
              "type": "datetime"
            },
            {
              "name": "Solar panel 1 Temperature",
              "desc": "",
              "type": "int"
            },
            {
              "name": "Solar panel 2 Temperature",
              "desc": "",
              "type": "int"
            },
            {
              "name": "Solar panel 3 Temperature",
              "desc": "",
              "type": "int"
            },
            {
              "name": "Solar panel 4 Temperature",
              "desc": "",
              "type": "int"
            },
            {
              "name": "Solar panel 5 Temperature",
              "desc": "",
              "type": "int"
            },
            {
              "name": "Solar panel 6 Temperature",
              "desc": "",
              "type": "int"
            }
          ]
        },

        {
          "id": "2",
          "name": "ANT",
          "desc": "ANT DATA",
          "inParams": [
            {
              "name": "timestamp",
              "desc": "timestamp",
              "type": "datetime"
            },
            {
              "name": "ants_temperature",
              "desc": "ants_temperature",
              "type": "short"
            },
            {
              "name": "ants_deployment",
              "desc": "ants_deployment",
              "type": "short"
            },
            {
              "name": "ants_uptime",
              "desc": "ants_uptime",
              "type": "int"
            }
          ]
        },

		
        {
          "id": "1",
          "name": "TX",
          "desc": "TX - TODO",
          "inParams": [
            {
              "name": "timestamp",
              "desc": "timestamp",
              "type": "datetime"
            },
            {
              "name": "tx_reflpwr",
              "desc": "battery voltage",
              "type": "short"
            },
            {
              "name": "tx_fwrdpwr",
              "desc": "battery voltage",
              "type": "short"
            },
            {
              "name": "bus_volt",
              "desc": "battery voltage",
              "type": "short"
            },
            {
              "name": "vutotal_curr",
              "desc": "battery voltage",
              "type": "short"
            },
            {
              "name": "vutx_curr",
              "desc": "battery voltage",
              "type": "short"
            },
            {
              "name": "vurx_curr",
              "desc": "battery voltage",
              "type": "short"
            },
            {
              "name": "vupa_curr",
              "desc": "battery voltage",
              "type": "short"
            },
            {
              "name": "pa_temp",
              "desc": "battery voltage",
              "type": "short"
            },
            {
              "name": "board_temp",
              "desc": "battery voltage",
              "type": "short"
            }
          ]
        },
		
		
        {
          "id": "6",
          "name": "RX",
          "desc": "RX - TODO",
          "inParams": [
            {
              "name": "timestamp",
              "desc": "timestamp",
              "type": "datetime"
            },
            {
              "name": "rx_doppler",
              "desc": "battery voltage",
              "type": "short"
            },
            {
              "name": "rx_rssi",
              "desc": "battery voltage",
              "type": "short"
            },
            {
              "name": "bus_volt",
              "desc": "battery voltage",
              "type": "short"
            },
            {
              "name": "vutotal_curr",
              "desc": "battery voltage",
              "type": "short"
            },
            {
              "name": "vutx_curr",
              "desc": "battery voltage",
              "type": "short"
            },
            {
              "name": "vurx_curr",
              "desc": "battery voltage",
              "type": "short"
            },
            {
              "name": "vupa_curr",
              "desc": "battery voltage",
              "type": "short"
            },
            {
              "name": "pa_temp",
              "desc": "battery voltage",
              "type": "short"
            },
            {
              "name": "board_temp",
              "desc": "battery voltage",
              "type": "short"
            }
          ]
        }
      ]
    },
	
    {
      "id": "2",
      "name": "Telemetry",
      "subtypes": [
        {
          "id": "205",
          "name": "Get TLM period times",
          "desc": "Get all TLM period times",
          "inParams": [
            {
              "name": "EPS interval",
              "desc": "",
              "type": "int"
            },            
            {
              "name": "TRXVU interval",
              "desc": "",
              "type": "int"
            },            
            {
              "name": "Ant interval",
              "desc": "",
              "type": "int"
            },            
            {
              "name": "Solar Panel interval",
              "desc": "",
              "type": "int"
            },
            {
              "name": "WOD Panel interval",
              "desc": "",
              "type": "int"
            }	
		  
		  ]
        },
        {
          "id": "187",
          "name": "Get Last FS Error",
          "desc": "Get last file system error",
          "inParams": [
            {
              "name": "Last Error",
              "desc": "",
              "type": "int"
            }            
          ]
        }
      ]
    },	
	
	
    {
      "id": "1",
      "name": "EPS",
      "desc": "All EPS function calls",
      "subtypes": [
        {
          "id": "1",
          "name": "Update Alpha",
          "desc": "update the Alpha value for smothing",
          "inParams": [
            {
              "name": "Alpha",
              "desc": "new Alpha value (float value)",
              "type": "float"
            }
          ]
        },
        {
          "id": "2",
          "name": "Get heater values",
          "desc": "get min & max heater values",
          "inParams": [
            {
              "name": "Min 1",
              "desc": "[0.01 degC] Battery heater low temperature threshold",
              "type": "short"
            },
            {
              "name": "Max 1",
              "desc": "[0.01 degC] Battery heater max temperature threshold",
              "type": "short"
            },
            {
              "name": "Min 2",
              "desc": "[0.01 degC] Battery heater low temperature threshold",
              "type": "short"
            },
            {
              "name": "Max 2",
              "desc": "[0.01 degC] Battery heater max temperature threshold",
              "type": "short"
            },
            {
              "name": "Min 3",
              "desc": "[0.01 degC] Battery heater low temperature threshold",
              "type": "short"
            },
            {
              "name": "Max 3",
              "desc": "[0.01 degC] Battery heater max temperature threshold",
              "type": "short"
            }
          ]
        },
        {
          "id": "3",
          "name": "Set heater values",
          "desc": "set min & max heater values",
          "inParams": []
        },
        {
          "id": "4",
          "name": "Rest EPS WDT",
          "desc": "Resets the watchdog timer keeping the system from performing a reset",
          "inParams": []
        },		
      ]
    },
    {
      "id": "4",
      "name": "Managment",
      "desc": "All Managment Types",
      "subtypes": [
        {
          "id": "221",
          "name": "Update Sat time",
          "desc": "Update Sat time",
          "inParams": [
            {
              "name": "Current time",
              "desc": "Current time after command exec",
              "type": "datetime"
            }
          ]
        },
        {
          "id": "225",
          "name": "FRAM Read",
          "desc": "Read FRAM value and transmit it",
          "inParams": [
            {
              "name": "Byte data",
              "desc": "data to read",
              "type": "bytes"
            }
          ]
        },		
        {
          "id": "224",
          "name": "FRAM Wtite",
          "desc": "Write FRAM value and transmit it",
          "inParams": [
            {
              "name": "Byte data",
              "desc": "data to read",
              "type": "bytes"
            }
          ]
        },		
        {
          "id": "227",
          "name": "Get Sat Uptime",
          "desc": "Get Sat Uptime in seconds",
          "inParams": [
            {
              "name": "Uptime",
              "desc": "",
              "type": "int"
            }
          ]
        },
		
      ]
    }
  ]
}